age,gender
58,Male
25,Male
19,Female
65,Male
35,Male
33,Female
32,Female
26,Male
65,Male
24,Female
61,Female
65,Male
52,Male
23,Male
55,Male
45,Male
20,Female
19,Male
23,Male
31,Male
32,Female
50,Male
56,Female
19,Female
53,Male
30,Male
63,Female
59,Female
62,Female
52,Female
44,Female
32,Male
46,Male
55,Male
35,Male
69,Female
18,Male
66,Male
69,Male
28,Male
62,Male
45,Male
39,Male
35,Male
27,Male
31,Female
66,Male
39,Male
24,Female
23,Female
42,Male
24,Male
40,Female
40,Male
56,Female
34,Female
69,Male
20,Male
64,Male
47,Female
52,Female
25,Female
42,Female
23,Female
53,Male
36,Male
58,Male
57,Female
41,Female
54,Male
30,Male
63,Male
22,Male
20,Female
60,Male
32,Female
67,Male
36,Female
23,Female
32,Male
24,Male
42,Female
35,Male
47,Male
58,Male
41,Male
28,Male
41,Male
40,Female
31,Female
60,Female
35,Male
62,Female
61,Male
59,Male
22,Female
56,Male
58,Female
28,Female
52,Female
64,Female
33,Female
28,Female
47,Male
42,Male
35,Female
58,Male
62,Male
53,Male
32,Female
61,Male
38,Male
67,Female
67,Male
21,Male
32,Male
70,Male
20,Male
69,Male
38,Male
43,Female
35,Male
22,Male
31,Male
54,Male
63,Female
38,Female
31,Female
59,Male
49,Female
43,Male
59,Female
47,Female
27,Male
34,Female
26,Female
33,Female
65,Male
53,Male
52,Female
34,Male
65,Male
55,Male
45,Female
55,Male
43,Female
41,Male
32,Male
26,Female
50,Female
49,Male
23,Female
66,Female
21,Male
25,Female
27,Male
58,Male
28,Female
68,Male
61,Male
45,Male
56,Female
22,Female
42,Male
42,Female
56,Male
47,Female
51,Female
34,Female
53,Male
18,Male
61,Female
64,Female
25,Male
61,Male
52,Female
66,Male
35,Female
67,Male
59,Female
39,Female
25,Male
36,Male
45,Male
28,Male
47,Male
18,Female
64,Male
64,Female
34,Male
50,Male
66,Female
29,Female
50,Male
24,Female
58,Male
37,Male
58,Male
50,Female
56,Female
